{
  "project_info": {
    "project_number": "489829664504",
    "firebase_url": "https://five-love.firebaseio.com",
    "project_id": "five-love",
    "storage_bucket": "five-love.appspot.com"
  },
  "client": [
    {
      "client_info": {
        "mobilesdk_app_id": "1:489829664504:android:276d53347f4e1c63225d0d",
        "android_client_info": {
          "package_name": "com.d.fivelove"
        }
      },
      "oauth_client": [
        {
          "client_id": "489829664504-7jdm6mr6pkmkfqlq78kjpupnf44l9th3.apps.googleusercontent.com",
          "client_type": 1,
          "android_info": {
            "package_name": "com.d.fivelove",
            "certificate_hash": "516d5506f215d2596384c1277da3c6244eb37f3d"
          }
        },
        {
          "client_id": "489829664504-o3qbj86cp08frrcbns501p68hrpheqgm.apps.googleusercontent.com",
          "client_type": 3
        }
      ],
      "api_key": [
        {
          "current_key": "AIzaSyAcBXKdgXZrY4N8JLfFSaWMaipi_5hFYEw"
        }
      ],
      "services": {
        "appinvite_service": {
          "other_platform_oauth_client": [
            {
              "client_id": "489829664504-o3qbj86cp08frrcbns501p68hrpheqgm.apps.googleusercontent.com",
              "client_type": 3
            }
          ]
        }
      }
    }
  ],
  "configuration_version": "1"
}